,Loan_ID,Valid_term
0,LP001083,369.7043
1,LP001921,361.42557
2,LP001979,372.29816
3,LP002802,364.6284
4,LP002921,379.6262
